,Amount_Invested,End_sum
0,1000000.0200000001,4129730.611651413
1,1000000.0000799994,4045373.242171301
2,999999.9999799995,3315125.92459287
3,1000000.00005,2314096.8385006897
