,Amount_Invested,End_sum
0,1000000.0200000001,3698897.4536574925
1,1000000.0000799994,4131713.1797411456
2,999999.9999799995,3881177.747820344
3,1000000.00005,3242054.0668402635
