,Amount_Invested,End_sum
0,1000000.01,3764307.0437540584
1,1000000.0099999999,4216027.542704712
2,1000000.0100000001,3787237.9628490983
3,1000000.02,3357018.2442748947
