Coin Name,Invested ($),Returns (%),Final Amount($)
Ripple,115307.4,147.6895354079,285604.3
Ethereum,134405.5,383.7827132663,650230.8
Litecoin,166559.4,189.5951298964,482347.8
Monero,189500.5,192.1488157498,553623.3
Stellar,196698.5,506.6448975258,1193261.2
Waves,197528.8,175.1445086705,543489.7
