,Amount_Invested,End_sum
0,999999.99,3789018.7979371296
1,999999.9999999999,4235086.480287152
2,999999.93,3791892.366439584
3,999999.9800000001,3388790.6912039015
